Id,SalePrice
1461,1.274806361273e+05
1462,1.616481622465e+05
1463,1.825540863850e+05
1464,1.969950988591e+05
1465,2.016151195967e+05
1466,1.705338650863e+05
1467,1.738534214369e+05
1468,1.603625722243e+05
1469,1.914480475633e+05
1470,1.199022409255e+05
1471,1.960937008781e+05
1472,9.634232884523e+04
1473,9.575793530452e+04
1474,1.430326956130e+05
1475,1.107412491345e+05
1476,3.467530589310e+05
1477,2.585557588312e+05
1478,3.067147998766e+05
1479,2.905314307870e+05
1480,4.496999102452e+05
1481,3.187480099414e+05
1482,2.179065116772e+05
1483,1.850480541958e+05
1484,1.643984097685e+05
1485,1.940952131739e+05
1486,1.950376760580e+05
1487,3.382132948051e+05
1488,2.346715988450e+05
1489,2.017722077814e+05
1490,2.560719401201e+05
1491,1.989751347746e+05
1492,9.090636131060e+04
1493,1.773913396499e+05
1494,3.201162753085e+05
1495,2.868740734339e+05
1496,2.385423495287e+05
1497,1.750093016353e+05
1498,1.861410020393e+05
1499,1.588083187975e+05
1500,1.556801180558e+05
1501,1.789153072318e+05
1502,1.395394098360e+05
1503,2.983342247032e+05
1504,2.447505306206e+05
1505,2.340620495560e+05
1506,1.858979169570e+05
1507,2.529550433164e+05
1508,2.058098362270e+05
1509,1.526389043571e+05
1510,1.454273323785e+05
1511,1.709427139165e+05
1512,1.723046338100e+05
1513,1.399695892728e+05
1514,1.579584156119e+05
1515,1.925998368092e+05
1516,1.492604642550e+05
1517,1.665765711255e+05
1518,1.269971758164e+05
1519,2.087974322182e+05
1520,1.303172695361e+05
1521,1.385451903984e+05
1522,1.793933002149e+05
1523,1.119554613037e+05
1524,1.361493087461e+05
1525,1.241797072603e+05
1526,1.145847479130e+05
1527,1.034814611232e+05
1528,1.387179218246e+05
1529,1.574942467611e+05
1530,1.757796995904e+05
1531,1.081655029545e+05
1532,9.674845266507e+04
1533,1.565460170383e+05
1534,1.239988232042e+05
1535,1.470254525244e+05
1536,1.041795390745e+05
1537,6.450482682477e+04
1538,1.606712111171e+05
1539,2.363901318849e+05
1540,9.242461176710e+04
1541,1.425703818647e+05
1542,1.467899488067e+05
1543,2.026325926924e+05
1544,9.103785837629e+04
1545,1.193248543503e+05
1546,1.415015333472e+05
1547,1.397521038930e+05
1548,1.483017179390e+05
1549,1.272460276006e+05
1550,1.396818090394e+05
1551,1.055606358432e+05
1552,1.398520190708e+05
1553,1.529408234452e+05
1554,1.157410570209e+05
1555,1.695058043450e+05
1556,9.067108012684e+04
1557,1.089430868983e+05
1558,1.022238214377e+05
1559,6.307276827241e+04
1560,1.357626566735e+05
1561,1.186400855276e+05
1562,1.342045708894e+05
1563,1.245965483507e+05
1564,1.629196226937e+05
1565,1.423670343163e+05
1566,2.400493653716e+05
1567,7.444587568145e+04
1568,2.474005992413e+05
1569,1.384244888365e+05
1570,1.318893988297e+05
1571,1.190395917306e+05
1572,1.431410236162e+05
1573,2.187070736469e+05
1574,1.199929096032e+05
1575,2.239018079113e+05
1576,2.375049665295e+05
1577,1.810232770947e+05
1578,1.426176735298e+05
1579,1.468149115095e+05
1580,1.913910788952e+05
1581,1.576639550065e+05
1582,1.241306610300e+05
1583,2.993996948505e+05
1584,2.212656107764e+05
1585,1.386807263814e+05
1586,5.870945153603e+04
1587,1.093359376228e+05
1588,1.527593935043e+05
1589,9.964054369790e+04
1590,1.346124783775e+05
1591,9.396542366661e+04
1592,1.195546964728e+05
1593,1.199571591758e+05
1594,1.526266135926e+05
1595,1.093007984362e+05
1596,2.163723793557e+05
1597,1.963687988077e+05
1598,2.277997828577e+05
1599,1.686814342181e+05
1600,1.602666216318e+05
1601,6.578712772554e+04
1602,1.176653301001e+05
1603,6.450209836921e+04
1604,2.560465924848e+05
1605,2.337076472586e+05
1606,1.700238542457e+05
1607,1.757634145247e+05
1608,2.222295270860e+05
1609,1.880925309570e+05
1610,1.524141789632e+05
1611,1.333544891728e+05
1612,1.720931625105e+05
1613,1.684951352246e+05
1614,1.237278551185e+05
1615,8.737101297659e+04
1616,7.666651784778e+04
1617,8.936298239035e+04
1618,1.352692392464e+05
1619,1.393843703600e+05
1620,1.573948605588e+05
1621,1.376424930433e+05
1622,1.403784166554e+05
1623,2.530913912320e+05
1624,2.086204707445e+05
1625,1.211919675054e+05
1626,1.715878398285e+05
1627,1.952708734824e+05
1628,2.693634498226e+05
1629,1.814901907749e+05
1630,3.581466946817e+05
1631,2.445354630808e+05
1632,2.510648095587e+05
1633,1.715549933461e+05
1634,1.797535119550e+05
1635,1.744032809829e+05
1636,1.519136647887e+05
1637,2.108609406563e+05
1638,1.878603237064e+05
1639,1.826879914888e+05
1640,2.438344285560e+05
1641,1.792977979473e+05
1642,2.473939120350e+05
1643,2.248377948105e+05
1644,2.384731820017e+05
1645,2.069620152610e+05
1646,1.610476064279e+05
1647,1.582813898514e+05
1648,1.243958964970e+05
1649,1.425762152061e+05
1650,1.122774988701e+05
1651,1.190625101789e+05
1652,9.805708033768e+04
1653,1.012140980176e+05
1654,1.436197059128e+05
1655,1.328259895020e+05
1656,1.406668445765e+05
1657,1.523943052426e+05
1658,1.459760286138e+05
1659,1.182948004858e+05
1660,1.545138958566e+05
1661,4.316460258124e+05
1662,4.058639564094e+05
1663,3.821113023690e+05
1664,4.738641030334e+05
1665,3.097825022361e+05
1666,3.091051170294e+05
1667,3.790991363181e+05
1668,3.527604032556e+05
1669,3.103191392211e+05
1670,3.569184229515e+05
1671,2.854873439006e+05
1672,4.136819934251e+05
1673,3.011022327943e+05
1674,2.516444395292e+05
1675,2.089326677566e+05
1676,2.063059823473e+05
1677,2.302224166938e+05
1678,4.383005029932e+05
1679,3.763452491664e+05
1680,3.346553066885e+05
1681,2.549958755254e+05
1682,3.106152017651e+05
1683,1.905854232080e+05
1684,1.757125379693e+05
1685,1.761523703852e+05
1686,1.697381813676e+05
1687,1.715038013156e+05
1688,1.843655514522e+05
1689,1.943057698260e+05
1690,1.970721188095e+05
1691,1.873998640444e+05
1692,2.581110714206e+05
1693,1.700098531968e+05
1694,1.821302728674e+05
1695,1.624638272510e+05
1696,2.769697510801e+05
1697,1.691947841715e+05
1698,3.417131487190e+05
1699,3.202383422995e+05
1700,2.673449872854e+05
1701,2.761076037538e+05
1702,2.403664213257e+05
1703,2.479250641513e+05
1704,2.759012619522e+05
1705,2.386371533278e+05
1706,2.495596414340e+05
1707,2.099246667440e+05
1708,2.135016419007e+05
1709,2.677433890157e+05
1710,2.243697431803e+05
1711,2.748129555442e+05
1712,2.567134790865e+05
1713,2.728901532235e+05
1714,2.227097449360e+05
1715,2.100744215864e+05
1716,1.928455069126e+05
1717,1.777705576447e+05
1718,1.451487694473e+05
1719,2.013833317978e+05
1720,2.113087358962e+05
1721,1.569541993912e+05
1722,1.252123190920e+05
1723,1.519521591210e+05
1724,2.016962369869e+05
1725,2.428039638111e+05
1726,1.791825106483e+05
1727,1.590840269954e+05
1728,1.592454485203e+05
1729,1.673289497892e+05
1730,1.605554412257e+05
1731,1.231644960945e+05
1732,1.276274366371e+05
1733,1.115839850676e+05
1734,1.283279166508e+05
1735,1.137459223242e+05
1736,1.078695574390e+05
1737,2.871526878683e+05
1738,2.716770823753e+05
1739,2.437806316298e+05
1740,2.102344764548e+05
1741,1.918763068927e+05
1742,1.724598575253e+05
1743,1.796776122104e+05
1744,3.273773300106e+05
1745,2.250426097243e+05
1746,1.901608092156e+05
1747,2.235062533206e+05
1748,2.265743623755e+05
1749,1.407481711703e+05
1750,1.236197381904e+05
1751,2.394532688914e+05
1752,1.175765327630e+05
1753,1.467315271281e+05
1754,1.910416657351e+05
1755,1.742793979215e+05
1756,1.299316270563e+05
1757,1.228421287944e+05
1758,1.454120583204e+05
1759,1.651707232943e+05
1760,1.680523334665e+05
1761,1.496693023463e+05
1762,1.828590419867e+05
1763,1.780903074922e+05
1764,1.167334187644e+05
1765,1.412343212482e+05
1766,1.981635240623e+05
1767,2.304789515934e+05
1768,1.416215083630e+05
1769,1.683593279240e+05
1770,1.561761384352e+05
1771,1.251500191718e+05
1772,1.400500852506e+05
1773,1.238778308043e+05
1774,1.428213684015e+05
1775,1.464145130613e+05
1776,1.295093335377e+05
1777,1.084431967488e+05
1778,1.425905172611e+05
1779,1.354605759968e+05
1780,1.715629414928e+05
1781,1.291549140858e+05
1782,9.127888125552e+04
1783,1.363354588432e+05
1784,1.096793508543e+05
1785,1.191660954542e+05
1786,1.447266307205e+05
1787,1.688259803040e+05
1788,5.914897008677e+04
1789,9.260398904050e+04
1790,7.912290485581e+04
1791,1.761206115770e+05
1792,1.684018913450e+05
1793,1.254414644282e+05
1794,1.566407555454e+05
1795,1.386867537284e+05
1796,1.258950691281e+05
1797,1.142177877518e+05
1798,1.204949550901e+05
1799,1.112957258644e+05
1800,1.309913309132e+05
1801,1.282325520020e+05
1802,1.344969982573e+05
1803,1.398343745303e+05
1804,1.408597325967e+05
1805,1.370588679296e+05
1806,1.287924407586e+05
1807,1.367178129980e+05
1808,1.249179496480e+05
1809,1.269906781586e+05
1810,1.326981822977e+05
1811,9.378069473585e+04
1812,1.020651094673e+05
1813,1.194764986888e+05
1814,9.562321887935e+04
1815,5.127467150024e+04
1816,9.799738041769e+04
1817,1.124588246907e+05
1818,1.483032221129e+05
1819,1.204665402756e+05
1820,4.665189441279e+04
1821,1.133367337316e+05
1822,1.468068129520e+05
1823,4.227201725365e+04
1824,1.254315199676e+05
1825,1.474551886738e+05
1826,1.054830321236e+05
1827,1.037068741990e+05
1828,1.443570954183e+05
1829,1.205114874908e+05
1830,1.472500091021e+05
1831,1.477788462218e+05
1832,8.082925878544e+04
1833,1.421394163785e+05
1834,1.158168117340e+05
1835,1.194563975582e+05
1836,1.234945190224e+05
1837,9.292346642652e+04
1838,1.303608322928e+05
1839,1.037588002175e+05
1840,1.387650472066e+05
1841,1.274847231398e+05
1842,8.886132934042e+04
1843,1.377936921194e+05
1844,1.366203240504e+05
1845,1.442588727900e+05
1846,1.612097120752e+05
1847,1.817151085097e+05
1848,5.577115576250e+04
1849,1.188685960454e+05
1850,1.195853117116e+05
1851,1.532035487155e+05
1852,1.276309043645e+05
1853,1.208403997660e+05
1854,1.638181948366e+05
1855,1.535675805624e+05
1856,2.172251094946e+05
1857,1.530160723341e+05
1858,1.516755177495e+05
1859,1.218270959025e+05
1860,1.490846786564e+05
1861,1.206802459487e+05
1862,3.030409438533e+05
1863,2.762144002378e+05
1864,2.763184982660e+05
1865,3.359003905892e+05
1866,2.987951979563e+05
1867,2.275871926778e+05
1868,2.795637282246e+05
1869,2.127932147567e+05
1870,2.257017741180e+05
1871,2.364513500344e+05
1872,1.765925673915e+05
1873,2.454519795266e+05
1874,1.588889928112e+05
1875,2.029919192375e+05
1876,2.007870806908e+05
1877,2.217589119963e+05
1878,2.042605286533e+05
1879,1.336019030412e+05
1880,1.262796744396e+05
1881,2.524958574166e+05
1882,2.432878958060e+05
1883,1.842898866576e+05
1884,2.080138276264e+05
1885,2.136259377545e+05
1886,2.714741735082e+05
1887,2.189883091702e+05
1888,2.705680266291e+05
1889,1.751593408376e+05
1890,1.063230869461e+05
1891,1.199919870517e+05
1892,9.633249379061e+04
1893,1.323850332562e+05
1894,1.216525790787e+05
1895,1.319888450228e+05
1896,1.218736911369e+05
1897,1.208305616550e+05
1898,1.115960600730e+05
1899,1.518617282399e+05
1900,1.547014015903e+05
1901,1.764408299814e+05
1902,1.646577284407e+05
1903,2.295357221835e+05
1904,1.363552130520e+05
1905,2.066252626418e+05
1906,1.430328879463e+05
1907,2.275515861458e+05
1908,1.062522076282e+05
1909,1.285599365065e+05
1910,1.194542168575e+05
1911,2.297503203265e+05
1912,3.397586580205e+05
1913,1.389014671060e+05
1914,4.868740912800e+04
1915,2.918907444573e+05
1916,6.598180285908e+04
1917,2.396107488435e+05
1918,1.409253600927e+05
1919,1.828628821975e+05
1920,1.583666187650e+05
1921,3.489683459046e+05
1922,3.024281235523e+05
1923,2.488440480802e+05
1924,2.272771695834e+05
1925,2.034468961214e+05
1926,3.522023880411e+05
1927,1.340018546870e+05
1928,1.544176705273e+05
1929,1.345339069545e+05
1930,1.275901790176e+05
1931,1.432494017958e+05
1932,1.355571494494e+05
1933,1.720653718542e+05
1934,1.779557483070e+05
1935,1.665771067448e+05
1936,1.901172364315e+05
1937,1.821004788959e+05
1938,1.686165457815e+05
1939,2.518769234195e+05
1940,1.945807357355e+05
1941,1.670145772944e+05
1942,1.699925074211e+05
1943,2.142924029479e+05
1944,3.537354273858e+05
1945,3.847517837002e+05
1946,1.314756321989e+05
1947,2.095973910781e+05
1948,1.758189406933e+05
1949,2.507650716996e+05
1950,1.886977483226e+05
1951,2.369860925570e+05
1952,2.075786639672e+05
1953,1.704378322369e+05
1954,1.726712870878e+05
1955,1.306969962492e+05
1956,2.962026547289e+05
1957,1.505907059788e+05
1958,2.623683231826e+05
1959,1.434458537836e+05
1960,1.127635697643e+05
1961,1.241603578332e+05
1962,1.000865777737e+05
1963,1.085600854601e+05
1964,1.074101761063e+05
1965,1.411952079612e+05
1966,1.364817730460e+05
1967,3.071030897832e+05
1968,4.006759055402e+05
1969,3.750169495821e+05
1970,3.782896890131e+05
1971,4.658272962917e+05
1972,3.807076526151e+05
1973,2.858494770470e+05
1974,3.342872407243e+05
1975,5.043745129915e+05
1976,2.848394912667e+05
1977,3.484112204115e+05
1978,3.299725734469e+05
1979,3.269673739620e+05
1980,2.150399591401e+05
1981,3.381444888122e+05
1982,2.360400274142e+05
1983,2.152609009458e+05
1984,1.672575576429e+05
1985,2.206746857417e+05
1986,2.156057368205e+05
1987,1.856297792596e+05
1988,1.741293897467e+05
1989,1.902204541452e+05
1990,2.107196677032e+05
1991,2.381969453543e+05
1992,2.107530782162e+05
1993,1.693077808855e+05
1994,2.273262713966e+05
1995,1.809963330386e+05
1996,2.713914466832e+05
1997,2.968065136356e+05
1998,3.195446170763e+05
1999,2.905878034111e+05
2000,3.372580191224e+05
2001,2.723386199482e+05
2002,2.395944368914e+05
2003,2.472342268763e+05
2004,2.885783106466e+05
2005,2.254315750603e+05
2006,2.261238962365e+05
2007,2.559936476835e+05
2008,2.211504534869e+05
2009,2.003227960709e+05
2010,1.934230959001e+05
2011,1.365671110853e+05
2012,1.765203936157e+05
2013,1.759042119798e+05
2014,1.796004727050e+05
2015,2.048366728026e+05
2016,1.908608585167e+05
2017,1.979349414610e+05
2018,1.093783934466e+05
2019,1.369360735567e+05
2020,9.602843655289e+04
2021,9.468776880512e+04
2022,2.093421448669e+05
2023,1.466276700524e+05
2024,2.923131269650e+05
2025,3.447568571192e+05
2026,1.725309679852e+05
2027,1.633883741627e+05
2028,1.525718060540e+05
2029,1.649400428099e+05
2030,2.645076460824e+05
2031,2.333370485703e+05
2032,2.461073659544e+05
2033,2.455282568686e+05
2034,1.760855967796e+05
2035,2.258198024588e+05
2036,1.970351267924e+05
2037,2.242165090630e+05
2038,3.436740395949e+05
2039,2.342991523533e+05
2040,3.012452838573e+05
2041,3.181486024276e+05
2042,2.100437883604e+05
2043,1.820650355019e+05
2044,1.707300476237e+05
2045,2.142501788530e+05
2046,1.624856686137e+05
2047,1.396382700372e+05
2048,1.380643742362e+05
2049,1.393426297965e+05
2050,1.663981895051e+05
2051,9.721891806941e+04
2052,1.189810949500e+05
2053,1.467240352657e+05
2054,9.321370606479e+04
2055,1.552691431273e+05
2056,1.425937390339e+05
2057,1.150607782241e+05
2058,2.050018297434e+05
2059,1.358193097447e+05
2060,1.784590618464e+05
2061,1.688388355931e+05
2062,1.310234111531e+05
2063,1.220778844232e+05
2064,1.416704888276e+05
2065,1.280564601631e+05
2066,1.601572149943e+05
2067,1.261073336577e+05
2068,1.492357691896e+05
2069,8.249214209228e+04
2070,1.166448744500e+05
2071,8.896259711908e+04
2072,1.339115940031e+05
2073,1.302811411155e+05
2074,1.682779128493e+05
2075,1.386702195541e+05
2076,1.223735008301e+05
2077,1.673667468638e+05
2078,1.248113615549e+05
2079,1.300431172553e+05
2080,1.222174633681e+05
2081,1.284646989353e+05
2082,1.184233552757e+05
2083,1.410823928516e+05
2084,1.120280122208e+05
2085,1.159014136603e+05
2086,1.089857309934e+05
2087,1.150060662528e+05
2088,9.537029966178e+04
2089,7.788197736054e+04
2090,1.285942605312e+05
2091,1.136296479947e+05
2092,1.234150969226e+05
2093,1.144672270316e+05
2094,1.049247288534e+05
2095,1.548217336382e+05
2096,8.212886097102e+04
2097,1.011251545016e+05
2098,1.479256107480e+05
2099,5.423441842141e+04
2100,8.383047365275e+04
2101,1.104372204762e+05
2102,1.184923096360e+05
2103,1.037087595835e+05
2104,1.197454956617e+05
2105,1.389791827365e+05
2106,7.416194629536e+04
2107,1.791769315703e+05
2108,1.251694802209e+05
2109,1.117218767733e+05
2110,1.269809430729e+05
2111,1.317929803545e+05
2112,1.391099542439e+05
2113,1.227324130552e+05
2114,1.297394438495e+05
2115,1.728499411432e+05
2116,1.108406483068e+05
2117,1.566155826838e+05
2118,1.290272201867e+05
2119,1.223056702980e+05
2120,1.096630970148e+05
2121,8.779569051524e+04
2122,1.256984868183e+05
2123,7.364485854170e+04
2124,1.542741776265e+05
2125,1.188463535761e+05
2126,1.493777767189e+05
2127,1.680438879895e+05
2128,1.245413947092e+05
2129,7.710770646596e+04
2130,1.439782319783e+05
2131,1.316577555908e+05
2132,1.095230488584e+05
2133,1.183495261360e+05
2134,1.166311954955e+05
2135,9.565472766529e+04
2136,7.683227448975e+04
2137,1.013610749996e+05
2138,1.434844570354e+05
2139,1.490868498845e+05
2140,1.368602637388e+05
2141,1.652389498373e+05
2142,1.273945536575e+05
2143,1.497819745242e+05
2144,1.232164538641e+05
2145,1.389621915744e+05
2146,1.765000633177e+05
2147,1.561311183958e+05
2148,1.192661072415e+05
2149,1.484147593160e+05
2150,2.302156891972e+05
2151,1.083474453168e+05
2152,1.645274419089e+05
2153,1.648929071870e+05
2154,1.066703454474e+05
2155,1.378228864238e+05
2156,2.711916102118e+05
2157,2.321177054176e+05
2158,2.404865749669e+05
2159,2.262116425754e+05
2160,1.827409998274e+05
2161,2.348259482639e+05
2162,3.622286484869e+05
2163,3.442208559330e+05
2164,2.424665434797e+05
2165,1.983507151313e+05
2166,1.634987480091e+05
2167,2.143295725167e+05
2168,2.016155373320e+05
2169,1.936152255080e+05
2170,2.151628525639e+05
2171,1.581425485781e+05
2172,1.304569274413e+05
2173,1.770107009294e+05
2174,2.223664452243e+05
2175,2.755171682207e+05
2176,2.911162968730e+05
2177,2.369549667183e+05
2178,2.125442299974e+05
2179,1.355958031671e+05
2180,2.008618035426e+05
2181,1.914679639056e+05
2182,2.236023405969e+05
2183,1.954865460394e+05
2184,1.166219525766e+05
2185,1.141575507546e+05
2186,1.475389895255e+05
2187,1.470707888026e+05
2188,1.431732558071e+05
2189,3.437750336078e+05
2190,8.093702319941e+04
2191,7.909013982684e+04
2192,8.489192912022e+04
2193,1.077329116479e+05
2194,9.378482614308e+04
2195,1.089347208248e+05
2196,1.016725517362e+05
2197,1.103174557995e+05
2198,1.565106470753e+05
2199,1.822485773478e+05
2200,1.500674071790e+05
2201,1.369865484413e+05
2202,2.380680643553e+05
2203,1.278756785558e+05
2204,1.818488449249e+05
2205,1.172273997098e+05
2206,1.486780814845e+05
2207,2.296432980705e+05
2208,2.845145450214e+05
2209,2.653491700386e+05
2210,1.186524764980e+05
2211,1.135958997390e+05
2212,1.246083590705e+05
2213,1.091352243488e+05
2214,1.465047508084e+05
2215,9.657428447088e+04
2216,1.516713052051e+05
2217,6.923216939925e+04
2218,6.987460687337e+04
2219,5.897099022736e+04
2220,6.593812317674e+04
2221,2.911605525241e+05
2222,2.670292713481e+05
2223,2.665994475351e+05
2224,1.995975379317e+05
2225,1.253853165983e+05
2226,1.830520261460e+05
2227,1.968012688739e+05
2228,2.526503963805e+05
2229,2.620945327911e+05
2230,1.582081639894e+05
2231,2.080833547306e+05
2232,1.818342768513e+05
2233,1.857155492743e+05
2234,2.518690524699e+05
2235,2.167086252285e+05
2236,2.600543425665e+05
2237,3.086523411872e+05
2238,1.808681644215e+05
2239,1.040493462735e+05
2240,1.471963288075e+05
2241,1.620021810858e+05
2242,1.170920314596e+05
2243,1.260676638312e+05
2244,1.012557470555e+05
2245,1.011416398998e+05
2246,1.415453459373e+05
2247,1.086961914913e+05
2248,1.209717786533e+05
2249,1.134169498980e+05
2250,1.234828903296e+05
2251,1.147495380940e+05
2252,1.815717886834e+05
2253,1.509742031947e+05
2254,1.877021704060e+05
2255,1.845778961672e+05
2256,1.738721100267e+05
2257,2.094636821538e+05
2258,1.552915741097e+05
2259,1.702517015290e+05
2260,1.573312393640e+05
2261,1.925736630528e+05
2262,2.145890017670e+05
2263,3.934359215649e+05
2264,5.300461638409e+05
2265,1.581955651368e+05
2266,3.003739504191e+05
2267,3.588500823743e+05
2268,4.204093517271e+05
2269,1.471978889253e+05
2270,1.975935571554e+05
2271,2.082628232239e+05
2272,1.866819795769e+05
2273,1.616898358696e+05
2274,1.794962651532e+05
2275,1.631632396204e+05
2276,1.932402640132e+05
2277,1.772524079258e+05
2278,1.449944829297e+05
2279,1.190598606755e+05
2280,1.208950915920e+05
2281,1.685603442720e+05
2282,1.840997463027e+05
2283,1.089882621186e+05
2284,1.122656565430e+05
2285,1.413829602560e+05
2286,1.246096547836e+05
2287,3.524226891257e+05
2288,2.832844496061e+05
2289,3.753612378079e+05
2290,4.330276150675e+05
2291,3.392462485701e+05
2292,4.449085754228e+05
2293,4.418878337197e+05
2294,3.789777475805e+05
2295,5.183098855012e+05
2296,2.970450417096e+05
2297,3.404535887641e+05
2298,3.455351848830e+05
2299,3.426326725970e+05
2300,3.392300574300e+05
2301,3.278265124665e+05
2302,2.650132635026e+05
2303,2.562539520817e+05
2304,2.530120350384e+05
2305,2.099695866465e+05
2306,2.072207383359e+05
2307,2.118665189074e+05
2308,2.415389518207e+05
2309,2.950204260819e+05
2310,2.240189988061e+05
2311,2.070332334402e+05
2312,1.792306327549e+05
2313,1.738198607087e+05
2314,1.746105366007e+05
2315,1.812214305497e+05
2316,1.907477025586e+05
2317,1.990273871606e+05
2318,1.802460983709e+05
2319,1.848920953692e+05
2320,1.876595885706e+05
2321,2.280309134397e+05
2322,1.914837549180e+05
2323,1.930108544967e+05
2324,1.823509332709e+05
2325,2.239466183354e+05
2326,1.778661284141e+05
2327,2.037048408151e+05
2328,2.232473593280e+05
2329,1.912206566878e+05
2330,1.780899577234e+05
2331,3.405572832160e+05
2332,3.873849173608e+05
2333,3.213365872475e+05
2334,2.656069370237e+05
2335,2.877656230580e+05
2336,3.096561568836e+05
2337,1.994405738593e+05
2338,2.642373904603e+05
2339,2.198045530725e+05
2340,3.949247466647e+05
2341,2.090475496859e+05
2342,2.403342607842e+05
2343,2.346933286730e+05
2344,2.125976196309e+05
2345,2.246168299085e+05
2346,2.180979289414e+05
2347,2.050525995765e+05
2348,2.535273821121e+05
2349,1.879945716308e+05
2350,3.181559420579e+05
2351,2.705250641290e+05
2352,2.567358604223e+05
2353,2.450298981036e+05
2354,1.473299083990e+05
2355,1.497150913914e+05
2356,1.468639881018e+05
2357,1.896978628326e+05
2358,1.984927150985e+05
2359,1.292590372246e+05
2360,1.169896736806e+05
2361,1.526297568862e+05
2362,2.736091262207e+05
2363,1.273361613066e+05
2364,1.500333574104e+05
2365,2.198529162525e+05
2366,1.840159757580e+05
2367,2.109116870056e+05
2368,2.054504122919e+05
2369,2.157461371521e+05
2370,1.636418294655e+05
2371,1.612837698542e+05
2372,1.948584764086e+05
2373,2.910605654376e+05
2374,3.263853466031e+05
2375,2.426546628032e+05
2376,2.962123360412e+05
2377,3.213248491720e+05
2378,1.495502043946e+05
2379,2.036575672133e+05
2380,1.499372278326e+05
2381,1.774488780235e+05
2382,2.063318832530e+05
2383,2.058054767576e+05
2384,2.441647820475e+05
2385,1.591480349923e+05
2386,1.312516760337e+05
2387,1.350848183065e+05
2388,9.343151504298e+04
2389,1.157949585207e+05
2390,1.524540215492e+05
2391,1.500857905196e+05
2392,1.160252773846e+05
2393,1.740126433801e+05
2394,1.345119331654e+05
2395,2.086205127018e+05
2396,1.356289838105e+05
2397,2.262943246457e+05
2398,1.218643695621e+05
2399,7.832173391418e+04
2400,6.928542834902e+04
2401,1.248768301937e+05
2402,1.369678719724e+05
2403,1.464093319970e+05
2404,1.548607969719e+05
2405,1.596447615725e+05
2406,1.408651495052e+05
2407,1.307860953233e+05
2408,1.474245512867e+05
2409,1.208410985061e+05
2410,1.563183186143e+05
2411,1.168758513607e+05
2412,1.534818590795e+05
2413,1.315394978705e+05
2414,1.607785289553e+05
2415,1.316137891789e+05
2416,1.264182167359e+05
2417,1.385532394504e+05
2418,1.353497997746e+05
2419,1.325519000817e+05
2420,1.248373648350e+05
2421,1.497714660729e+05
2422,1.067128448134e+05
2423,1.185616019064e+05
2424,1.602861446253e+05
2425,1.981999388714e+05
2426,1.345059189983e+05
2427,1.351636262700e+05
2428,1.709309661447e+05
2429,1.098991092471e+05
2430,1.314368454319e+05
2431,1.159352842084e+05
2432,1.447676370525e+05
2433,1.466244048947e+05
2434,1.399802773636e+05
2435,1.504702148577e+05
2436,9.938566244587e+04
2437,1.077857156187e+05
2438,1.201847873617e+05
2439,9.499187712605e+04
2440,1.200208407278e+05
2441,9.673566269885e+04
2442,9.327816987042e+04
2443,1.192394264857e+05
2444,1.324814958914e+05
2445,9.632996581059e+04
2446,1.385834556526e+05
2447,1.907807550551e+05
2448,1.239654738575e+05
2449,1.129012513616e+05
2450,1.525899484389e+05
2451,1.094915774001e+05
2452,2.058716639042e+05
2453,9.426593779388e+04
2454,1.309250145804e+05
2455,1.267668528661e+05
2456,1.449473681302e+05
2457,1.495824448676e+05
2458,1.364590597420e+05
2459,1.131308723183e+05
2460,1.439719728591e+05
2461,1.293033641816e+05
2462,1.380682724686e+05
2463,1.274583226101e+05
2464,1.836599330859e+05
2465,1.394949598688e+05
2466,1.150105825733e+05
2467,1.172426864686e+05
2468,8.538272520061e+04
2469,8.851061976565e+04
2470,2.056991943434e+05
2471,2.193131258090e+05
2472,1.690535399517e+05
2473,1.156955499056e+05
2474,8.327029572754e+04
2475,2.072754042736e+05
2476,1.095319048084e+05
2477,1.313664179360e+05
2478,1.573423465999e+05
2479,1.071827593747e+05
2480,1.537221411239e+05
2481,1.237199127164e+05
2482,1.135484821811e+05
2483,1.076784056802e+05
2484,1.236930203234e+05
2485,1.256114903032e+05
2486,1.515145979426e+05
2487,1.752352023526e+05
2488,1.664245467244e+05
2489,1.505469113035e+05
2490,1.355742349254e+05
2491,8.470999669560e+04
2492,2.103195565130e+05
2493,1.509176074070e+05
2494,1.548026722169e+05
2495,8.690206583902e+04
2496,2.481513101651e+05
2497,1.540136384957e+05
2498,1.091750942122e+05
2499,7.508637834475e+04
2500,1.142497777216e+05
2501,1.398264191461e+05
2502,1.367332402236e+05
2503,9.505018802286e+04
2504,1.739452349339e+05
2505,2.293934412632e+05
2506,2.463384149171e+05
2507,2.830065609960e+05
2508,2.435444024247e+05
2509,2.116105485150e+05
2510,2.217265464365e+05
2511,1.754797094893e+05
2512,1.985051545440e+05
2513,2.283495540355e+05
2514,3.179726889398e+05
2515,1.569377248206e+05
2516,1.721936699169e+05
2517,1.502225253812e+05
2518,1.604821925521e+05
2519,2.301712217015e+05
2520,2.178806841691e+05
2521,1.847052306603e+05
2522,2.274745814014e+05
2523,1.130673763095e+05
2524,1.369172641206e+05
2525,1.530552509167e+05
2526,1.464839352860e+05
2527,1.231415022981e+05
2528,1.295842723475e+05
2529,1.287842758879e+05
2530,1.196304376565e+05
2531,2.482673857121e+05
2532,2.282584372104e+05
2533,1.931084178452e+05
2534,2.266324536705e+05
2535,2.834913160767e+05
2536,2.323758113470e+05
2537,2.408172363926e+05
2538,1.828580197285e+05
2539,1.887559796996e+05
2540,1.842641529239e+05
2541,1.835470647964e+05
2542,1.629700274260e+05
2543,1.161417999407e+05
2544,1.161787053544e+05
2545,1.341943416956e+05
2546,1.214812833883e+05
2547,1.304035687733e+05
2548,1.649052566307e+05
2549,1.499586942442e+05
2550,5.899735098337e+05
2551,1.398036936947e+05
2552,1.358194508311e+05
2553,7.673784245736e+04
2554,8.985183656383e+04
2555,1.114689724942e+05
2556,1.020807296125e+05
2557,9.840454282322e+04
2558,1.358473310555e+05
2559,1.377830333633e+05
2560,1.514321130472e+05
2561,1.468748571768e+05
2562,1.437817632139e+05
2563,1.507864232875e+05
2564,2.109194169453e+05
2565,1.396121373733e+05
2566,1.604440676176e+05
2567,1.383993265316e+05
2568,2.016823872857e+05
2569,2.495107359921e+05
2570,1.130807300490e+05
2571,1.996022103674e+05
2572,1.435182369135e+05
2573,2.327380306498e+05
2574,3.401507835262e+05
2575,1.368431655311e+05
2576,1.137535710929e+05
2577,1.424177429614e+05
2578,7.629719382936e+04
2579,6.431941160271e+04
2580,7.845016108545e+04
2581,9.048301436431e+04
2582,9.506622913991e+04
2583,2.754704102148e+05
2584,1.807154564661e+05
2585,1.875240447156e+05
2586,2.361766522722e+05
2587,1.982360852570e+05
2588,1.463566789240e+05
2589,1.484442180571e+05
2590,1.945450966910e+05
2591,2.460831248877e+05
2592,2.136396167395e+05
2593,2.469688352650e+05
2594,1.980116602918e+05
2595,1.994390741059e+05
2596,2.888400576456e+05
2597,1.849865712378e+05
2598,2.824706063173e+05
2599,3.255716495097e+05
2600,1.534608729049e+05
2601,1.280339422305e+05
2602,7.914951021941e+04
2603,9.565860537505e+04
2604,8.702872659969e+04
2605,7.819497163905e+04
2606,1.499014619036e+05
2607,1.927198452312e+05
2608,1.957126010194e+05
2609,1.700125268151e+05
2610,1.078650835924e+05
2611,1.358654268082e+05
2612,1.626746985064e+05
2613,1.301438933158e+05
2614,1.203132542122e+05
2615,1.519550573732e+05
2616,1.465463245279e+05
2617,1.828829619223e+05
2618,1.982381198526e+05
2619,1.909125204953e+05
2620,1.801751521594e+05
2621,1.721702248787e+05
2622,1.782003712615e+05
2623,2.394745236620e+05
2624,2.963603815446e+05
2625,2.988003123854e+05
2626,1.759179567706e+05
2627,1.645274515131e+05
2628,4.586985577601e+05
2629,5.107239887783e+05
2630,3.813455078698e+05
2631,4.791071316739e+05
2632,4.137535775964e+05
2633,3.121296081690e+05
2634,4.232302827323e+05
2635,1.478519552868e+05
2636,1.685138766516e+05
2637,1.657510496016e+05
2638,2.717916076069e+05
2639,1.866536739358e+05
2640,1.479017652168e+05
2641,1.046424206821e+05
2642,1.880347137616e+05
2643,1.026047958779e+05
2644,1.187835805212e+05
2645,1.107010546705e+05
2646,9.412122107466e+04
2647,1.031047079809e+05
2648,1.502242665889e+05
2649,1.495439504262e+05
2650,1.331654441276e+05
2651,1.385749929535e+05
2652,3.878392567528e+05
2653,2.733648169838e+05
2654,2.610174981040e+05
2655,4.085627582561e+05
2656,3.300456480316e+05
2657,3.520062490665e+05
2658,3.235303156620e+05
2659,3.030734819160e+05
2660,3.618471054095e+05
2661,3.485436350202e+05
2662,3.638698342616e+05
2663,2.942383173116e+05
2664,2.821304043564e+05
2665,3.363343495698e+05
2666,2.910955512012e+05
2667,1.729251879643e+05
2668,1.792532342980e+05
2669,1.894713260707e+05
2670,2.709946893061e+05
2671,1.849562007288e+05
2672,1.987850814030e+05
2673,2.042916241365e+05
2674,2.000596642311e+05
2675,1.669964036195e+05
2676,1.939410943438e+05
2677,1.998913950912e+05
2678,2.273345521478e+05
2679,2.835217408720e+05
2680,2.913837837863e+05
2681,3.835965222188e+05
2682,3.227561575506e+05
2683,4.890963976313e+05
2684,3.094760036208e+05
2685,3.447016241144e+05
2686,2.455708904756e+05
2687,3.112135563531e+05
2688,2.161638116753e+05
2689,2.118367519810e+05
2690,3.822051041812e+05
2691,1.959642803873e+05
2692,1.457483667816e+05
2693,2.033126887287e+05
2694,1.369446381653e+05
2695,1.939629511662e+05
2696,1.808255447428e+05
2697,1.833317136716e+05
2698,1.842587953045e+05
2699,1.693169776940e+05
2700,1.519810607738e+05
2701,1.386692036519e+05
2702,1.068353206688e+05
2703,1.211331064637e+05
2704,1.349198332811e+05
2705,1.132988164969e+05
2706,9.861461929709e+04
2707,1.108609577858e+05
2708,1.340240514730e+05
2709,1.033643928265e+05
2710,1.259362780040e+05
2711,2.797759228531e+05
2712,3.802107869609e+05
2713,1.738657271416e+05
2714,1.458012196744e+05
2715,1.697912505526e+05
2716,1.408329482843e+05
2717,1.983608335613e+05
2718,2.156771419850e+05
2719,1.553281683868e+05
2720,1.738859528842e+05
2721,1.283057150093e+05
2722,1.503002023305e+05
2723,1.378710631992e+05
2724,1.178606509071e+05
2725,1.261701925745e+05
2726,1.577010889973e+05
2727,1.762341120382e+05
2728,1.864328353519e+05
2729,1.443197823673e+05
2730,1.509671995360e+05
2731,1.313471827435e+05
2732,1.368340009161e+05
2733,1.495455347144e+05
2734,1.219610406516e+05
2735,1.362898284829e+05
2736,1.296078395983e+05
2737,1.173535691696e+05
2738,1.316218815188e+05
2739,1.509304700351e+05
2740,1.316196938514e+05
2741,1.472155354713e+05
2742,1.513067390107e+05
2743,1.662807579010e+05
2744,1.674505289798e+05
2745,1.420225717083e+05
2746,1.385429586654e+05
2747,1.488091172526e+05
2748,1.260413471070e+05
2749,1.317612805284e+05
2750,1.309136173488e+05
2751,1.386268553454e+05
2752,1.543634887506e+05
2753,1.419334147264e+05
2754,1.800110516375e+05
2755,1.343456048431e+05
2756,9.313239437986e+04
2757,7.026061501310e+04
2758,9.168186469682e+04
2759,1.613092796342e+05
2760,1.269572107808e+05
2761,1.420518367257e+05
2762,1.411830389231e+05
2763,1.804518979054e+05
2764,1.581749347387e+05
2765,2.490926026073e+05
2766,1.289175863885e+05
2767,8.998363185300e+04
2768,1.250931562757e+05
2769,1.309808100728e+05
2770,1.376299952309e+05
2771,1.057465754290e+05
2772,1.115946213693e+05
2773,1.829018693614e+05
2774,1.453504764418e+05
2775,1.128154978466e+05
2776,1.450094359981e+05
2777,1.628069223432e+05
2778,1.045199579997e+05
2779,1.279465567632e+05
2780,9.196554993739e+04
2781,8.892834610010e+04
2782,1.009204497227e+05
2783,1.003090137121e+05
2784,1.234136720303e+05
2785,1.351318397857e+05
2786,6.801506580408e+04
2787,1.331132898625e+05
2788,7.807878158419e+04
2789,1.657929077282e+05
2790,9.447504795775e+04
2791,1.108644482162e+05
2792,5.980660950300e+04
2793,1.403746646355e+05
2794,1.031375848662e+05
2795,1.243042687765e+05
2796,9.845851403841e+04
2797,1.998691378045e+05
2798,1.097093793920e+05
2799,1.088272389427e+05
2800,6.714554826840e+04
2801,1.040187341561e+05
2802,1.233085247826e+05
2803,1.609397348933e+05
2804,1.261089760280e+05
2805,8.810470329811e+04
2806,7.753139336112e+04
2807,1.811358811516e+05
2808,1.474515743024e+05
2809,1.332102039657e+05
2810,1.286793965945e+05
2811,1.580170635801e+05
2812,1.667606619078e+05
2813,1.536034604807e+05
2814,1.571175117687e+05
2815,1.069459233233e+05
2816,2.203315208652e+05
2817,1.656937891576e+05
2818,1.305014279259e+05
2819,1.657065258197e+05
2820,1.382621320127e+05
2821,1.003018415776e+05
2822,1.759406733453e+05
2823,3.357306110991e+05
2824,1.655249310613e+05
2825,1.405756932729e+05
2826,1.309205102584e+05
2827,1.367569777443e+05
2828,2.193038138803e+05
2829,2.165523620541e+05
2830,2.154741869507e+05
2831,1.774026664648e+05
2832,2.534299466815e+05
2833,2.867469665354e+05
2834,2.186923884539e+05
2835,2.198991779755e+05
2836,1.915598196705e+05
2837,1.620680085151e+05
2838,1.507543064776e+05
2839,1.714512406792e+05
2840,2.055121672601e+05
2841,2.024180355030e+05
2842,2.308210834271e+05
2843,1.452220320574e+05
2844,1.735696465204e+05
2845,1.289427800400e+05
2846,2.090049193577e+05
2847,2.106923655921e+05
2848,2.222170085112e+05
2849,1.934635648473e+05
2850,2.739197715192e+05
2851,2.020855484076e+05
2852,2.357185536870e+05
2853,2.335731777603e+05
2854,1.398549235652e+05
2855,2.035296792663e+05
2856,1.961536618077e+05
2857,1.898835399671e+05
2858,2.027702834299e+05
2859,1.028809522187e+05
2860,1.402757558079e+05
2861,1.275211265600e+05
2862,1.863243374645e+05
2863,1.336327399474e+05
2864,2.491742186460e+05
2865,1.377385100602e+05
2866,1.319124818536e+05
2867,9.559759237993e+04
2868,1.005906481942e+05
2869,9.811783880851e+04
2870,1.118901290974e+05
2871,7.945906424487e+04
2872,5.691095124968e+04
2873,9.365757386287e+04
2874,1.506390778029e+05
2875,1.159963325106e+05
2876,1.600122233193e+05
2877,1.498473641125e+05
2878,1.729315029040e+05
2879,1.412844289992e+05
2880,1.032919707010e+05
2881,1.421737409274e+05
2882,1.840495718985e+05
2883,1.915798456171e+05
2884,1.825210718983e+05
2885,1.820954077335e+05
2886,2.325170156001e+05
2887,1.005534612576e+05
2888,1.478660073397e+05
2889,5.829912305602e+04
2890,8.108870116281e+04
2891,1.440148323011e+05
2892,3.582544872347e+04
2893,6.179867800945e+04
2894,4.846652143755e+04
2895,3.177910391856e+05
2896,2.715937043220e+05
2897,2.103717635217e+05
2898,1.331656654972e+05
2899,2.071713644470e+05
2900,1.560680352493e+05
2901,1.992734045205e+05
2902,1.744480350417e+05
2903,3.129310812048e+05
2904,3.257790087494e+05
2905,1.026924793005e+05
2906,1.808188948967e+05
2907,1.057749788554e+05
2908,1.221903031868e+05
2909,1.384943257608e+05
2910,7.810752263620e+04
2911,7.876801512578e+04
2912,1.494194521509e+05
2913,7.354653700322e+04
2914,7.496336996675e+04
2915,8.278335159827e+04
2916,7.662696061626e+04
2917,1.632827530124e+05
2918,1.203084095023e+05
2919,2.183539047429e+05
